address	rarity	salt	nonce		
0x000000000000000723E9D2A4cFbb5201989Ef493	4294967296	0x82bf455e9ebd6a541ef10b683de1edcaf05ce7a1295f4afcac944603b91809d3	9		
0x00000000000000D58aafF4A29b63f4727dDEb32C	4294967296	0x82bf455e9ebd6a541ef10b683de1edcaf05ce7a12102d03e7a3714038b7628b6	4		
0x000000000000010a1DEc6c46371A28A071F8bb01	16777216	0x82bf455e9ebd6a541ef10b683de1edcaf05ce7a19c1f30d54f612201804528b7	29		
0x000000000000010Dd64d8fA43F47dCA1fC566C1d	16777216	0x82bf455e9ebd6a541ef10b683de1edcaf05ce7a154610bbd7d1957008fe78a3c	11		
0x000000000000012CE154Fcf812A95F5111a6A636	16777216	0x82bf455e9ebd6a541ef10b683de1edcaf05ce7a1aed74f546cb2c502671da386	9		
0x0000000000000190c42e22C0f3b72bb8f988b0e6	16777216	0x82bf455e9ebd6a541ef10b683de1edcaf05ce7a117f487b133125e00ab8d6f12	31		
0x00000000000001C0d43b34Ca07ebD7f936ef7939	16777216	0x82bf455e9ebd6a541ef10b683de1edcaf05ce7a1bdd93cbf20ea0303efa8f55f	24		
0x000000000000023A18A513D0bcD41261b1E578aD	16777216	0x82bf455e9ebd6a541ef10b683de1edcaf05ce7a1edcd2aa4a28eea01cc24e594	2		
0x00000000000002823ec69d5AD4370E60706c1c0c	16777216	0x82bf455e9ebd6a541ef10b683de1edcaf05ce7a188cf2b73bc68ab02d5d0c35c	27		
0x000000000000031d296bBA22f188472157eEb01f	16777216	0x82bf455e9ebd6a541ef10b683de1edcaf05ce7a1d2bd066494ca6702a0735c6c	24		
0x000000000000039Dc5De710B8F7A6a33df0399c8	16777216	0x82bf455e9ebd6a541ef10b683de1edcaf05ce7a1798e102b3f2b8e037f792d29	22		
0x000000000000047534b9E1D528ED997169865a64	16777216	0x82bf455e9ebd6a541ef10b683de1edcaf05ce7a112d5cd9dd5333000adeb0150	28		
0x000000000000048a877bF34C0cF3F25510667a1e	16777216	0x82bf455e9ebd6a541ef10b683de1edcaf05ce7a1a589fdba3c446401fc2e7389	27		
0x00000000000005C3287f136Ef5AF56c68Ea6849f	16777216	0x82bf455e9ebd6a541ef10b683de1edcaf05ce7a15527f95c2938780063bb3da3	4		
0x00000000000005DC84562AA4c45c2E1c653Ca815	16777216	0x82bf455e9ebd6a541ef10b683de1edcaf05ce7a1d22758cf9e502201e6c7b919	29		
0x00000000000005E4693aDc8Ec0f12D686f728198	16777216	0x82bf455e9ebd6a541ef10b683de1edcaf05ce7a19680410649b002037da5dcfa	4		
0x000000000000075E29Cdaa9cb640A69e148ca7da	16777216	0x82bf455e9ebd6a541ef10b683de1edcaf05ce7a1739a5557fca3a502b5c41a98	30		
0x00000000000007A41C8226Ac98e3FD78F0246279	16777216	0x82bf455e9ebd6a541ef10b683de1edcaf05ce7a1a5536c8ed4bbe101003e12f6	27		
0x00000000000008D41F2cd5bF144F61cEB3661F98	16777216	0x82bf455e9ebd6a541ef10b683de1edcaf05ce7a11844a45ce33c51028b019714	7		
0x00000000000008F144d786506C6bb22eCE144020	16777216	0x82bf455e9ebd6a541ef10b683de1edcaf05ce7a159d7d98e8d0a81022ab2c05b	17		
0x0000000000000a3D22E158417AA639D7F71b0FF7	16777216	0x82bf455e9ebd6a541ef10b683de1edcaf05ce7a16db944d354778900b9c412cf	0		
0x0000000000000aAbbcfCA8100a9ee78124E97B33	16777216	0x82bf455e9ebd6a541ef10b683de1edcaf05ce7a1b81b7c699a4c5100e5606bc5	29		
0x0000000000000ad7EfCE1a23e1e0B980a341C25a	16777216	0x82bf455e9ebd6a541ef10b683de1edcaf05ce7a1fdcfd92de335a6002d7d4338	8		
0x0000000000000aDC9A108591e718F2aee963a2a7	16777216	0x82bf455e9ebd6a541ef10b683de1edcaf05ce7a186ee6a683f986701eaaa3933	14		
0x0000000000000bD36FfE1d5a8fc08d3B19060AF2	16777216	0x82bf455e9ebd6a541ef10b683de1edcaf05ce7a1dffd88aa4094350256b8f3da	16		
0x0000000000000bd867E3F11933Fd45d149eBA491	16777216	0x82bf455e9ebd6a541ef10b683de1edcaf05ce7a1b8f94500f7eb8d02fa971ec6	17		
0x0000000000000C388b5729e64920453663f5c02d	16777216	0x82bf455e9ebd6a541ef10b683de1edcaf05ce7a1f71cc3fca6cc3b008a62b0d9	23		
0x0000000000000c51d0f8cf4bd9adE7191372a625	16777216	0x82bf455e9ebd6a541ef10b683de1edcaf05ce7a17ed9b7513869d100488e58a2	17		
0x0000000000000C99fD9F3234eDf924E436331569	16777216	0x82bf455e9ebd6a541ef10b683de1edcaf05ce7a15a2670b95d1d2a02b144a8f6	8		
0x0000000000000CF008e9bf9D01f8306029724c80	16777216	0x82bf455e9ebd6a541ef10b683de1edcaf05ce7a1087bf47d699f220279f4052b	3		
0x0000000000000D329aCC1514f4Ba05584a8369ed	16777216	0x82bf455e9ebd6a541ef10b683de1edcaf05ce7a181e7b25b15e8b202596dcb32	6		
0x0000000000000DEdEDdD16227aA3D836C5753194	16777216	0x82bf455e9ebd6a541ef10b683de1edcaf05ce7a136f15df6a78bf60145fff15c	4		
0x0000000000000e1aE9c66C1c3B0A547D23389C93	16777216	0x82bf455e9ebd6a541ef10b683de1edcaf05ce7a14c9b27ef20f74200db645f6f	27		
0x0000000000000E65545005B26207D7edFd031260	16777216	0x82bf455e9ebd6a541ef10b683de1edcaf05ce7a157326a0674d700038bec92ac	25		
0x0000000000000e673aECBDB5f5fE5DFAf4a8e9Ac	16777216	0x82bf455e9ebd6a541ef10b683de1edcaf05ce7a199a5e1fb2076b602ea79c489	2		
0x0000000000000f3fb82469581A74776178E76Ca4	16777216	0x82bf455e9ebd6a541ef10b683de1edcaf05ce7a19576142f3a8ba401ef6135ad	5		
0x0000000000000fE1E261f66ce2F44def4F5Ae0CB	16777216	0x82bf455e9ebd6a541ef10b683de1edcaf05ce7a18655d0218b1ea7028a82cd17	14		
0x00000000000010bb6695dAAC60D0515c0A01a948	16777216	0x82bf455e9ebd6a541ef10b683de1edcaf05ce7a1ddbe95d03ad68500e15b1cdd	26		
0x000000000000111475C0dD47f534Bd1aFF12BC3f	16777216	0x82bf455e9ebd6a541ef10b683de1edcaf05ce7a193f77f5974727b03d7141e14	4		
0x00000000000011c01475AE99948b22276E6a8985	16777216	0x82bf455e9ebd6a541ef10b683de1edcaf05ce7a1686063ceca395a0033c9a9c4	17		
0x00000000000011D93b05698C7624107090792E12	16777216	0x82bf455e9ebd6a541ef10b683de1edcaf05ce7a1f341c699eaad9402fae2b0de	16		
0x00000000000011Eeb1A99756be3ea0150B6Baa28	16777216	0x82bf455e9ebd6a541ef10b683de1edcaf05ce7a1611737a71346ee00948d9474	19		
0x0000000000001272BB6BC29b57Edb0e9FccDeA83	16777216	0x82bf455e9ebd6a541ef10b683de1edcaf05ce7a1b07368e58ddb1103be95841d	17		
0x00000000000012f072546b2b33BC0c5Fc83c735E	16777216	0x82bf455e9ebd6a541ef10b683de1edcaf05ce7a162a28f241e7ced01ad724c48	16		
0x000000000000132F585253b27A047C456C838213	16777216	0x82bf455e9ebd6a541ef10b683de1edcaf05ce7a1103aa1224d368a003cd61936	11		
0x000000000000135429F0DaCaB61639Bf6a63EbbC	16777216	0x82bf455e9ebd6a541ef10b683de1edcaf05ce7a194781bbbe0ca21026108b73f	6		
0x000000000000139521eb8B48b23802a2537802Ef	16777216	0x82bf455e9ebd6a541ef10b683de1edcaf05ce7a19de82e68b17b450093e4ce57	29		
0x0000000000001479d623c89CAc05f5AB8776D8B9	16777216	0x82bf455e9ebd6a541ef10b683de1edcaf05ce7a1f23307282ec227012736a346	21		
0x000000000000150918c9463629bE78Da8309Fb47	16777216	0x82bf455e9ebd6a541ef10b683de1edcaf05ce7a1c8bd24b4203e2e03361ea9d1	24		
0x000000000000155f9860E155A779992Cde7E7449	16777216	0x82bf455e9ebd6a541ef10b683de1edcaf05ce7a1abff4881d91664004af9487b	5		
0x00000000000016329F3ada9cbe9465B52Fe0960E	16777216	0x82bf455e9ebd6a541ef10b683de1edcaf05ce7a13599a99920875902c0a68cfd	15		
0x000000000000165cf5493d99BA8F01cffe4d0B3E	16777216	0x82bf455e9ebd6a541ef10b683de1edcaf05ce7a196fff3b6d1ec3701eb16fffe	18		
0x00000000000016aAfcFDE0a083630268a30Fcc8B	16777216	0x82bf455e9ebd6a541ef10b683de1edcaf05ce7a11a3de3daf92b4402d4839b23	20		
0x0000000000001716F9aA11eD7DB35bAA49572C40	16777216	0x82bf455e9ebd6a541ef10b683de1edcaf05ce7a15c4fcea793285a025e917883	5		
0x0000000000001A0AC5403A2a3cFa84775A2EE747	16777216	0x82bf455e9ebd6a541ef10b683de1edcaf05ce7a16e1530515b198701b6f94cb1	12		
0x0000000000001Aa09D7AF4f8a9a88338B314adB8	16777216	0x82bf455e9ebd6a541ef10b683de1edcaf05ce7a1a608bc15a6c81e02e0ca7c2c	6		
0x0000000000001aa2Cb50f907032FFff98A674D8C	16777216	0x82bf455e9ebd6a541ef10b683de1edcaf05ce7a1cea74207df07e10319973e47	18		
0x0000000000001Ab7fFe789237c76dc00D3DD4e57	314649014	0x82bf455e9ebd6a541ef10b683de1edcaf05ce7a1c8461cdf60b8f001ba0800fb	12		
0x0000000000001B1A7fe31692d107cAA42fb06862	16777216	0x82bf455e9ebd6a541ef10b683de1edcaf05ce7a1ca0683ce612aa20186ad6c09	0		
0x0000000000001b5Afad0aD1316D055256110C9Bc	16777216	0x82bf455e9ebd6a541ef10b683de1edcaf05ce7a176b85e72bc614003c2529397	30		
0x0000000000001b7e92162DAC82e8a236D28FE845	16777216	0x82bf455e9ebd6a541ef10b683de1edcaf05ce7a137e7a25f16682a02d732667a	10		
0x0000000000001C44C3984d47a29E6969919f0d78	16777216	0x82bf455e9ebd6a541ef10b683de1edcaf05ce7a1a62eea372cb3fd0381f0113e	4		
0x0000000000001C730eee885a1ee8E45C51fdB1DF	16777216	0x82bf455e9ebd6a541ef10b683de1edcaf05ce7a1f83bb6d7df496b03c5ac5db1	18		
0x0000000000001CFd8e080DbA5aa48ad60839EDE3	16777216	0x82bf455e9ebd6a541ef10b683de1edcaf05ce7a19073c55ad4cdb700e99bb80f	20		
0x0000000000001D733Eb94B282728C05181507Eea	16777216	0x82bf455e9ebd6a541ef10b683de1edcaf05ce7a118073a9684929901da371fcd	12		
0x0000000000001d9c38CA405A2e04420865A08A33	16777216	0x82bf455e9ebd6a541ef10b683de1edcaf05ce7a1c18310bb94818d02a41a8f96	1		
0x0000000000001E485621966b6464c7b321108a98	16777216	0x82bf455e9ebd6a541ef10b683de1edcaf05ce7a1d9444efaaa2838031e982361	11		
0x0000000000002038055dB8f2B2Fd356598935C51	16777216	0x82bf455e9ebd6a541ef10b683de1edcaf05ce7a1230404d17c30be0129de179d	21		
0x000000000000205A24d8B4A0Efc1B9A41709ebC9	16777216	0x82bf455e9ebd6a541ef10b683de1edcaf05ce7a1e8291a424a2bc602adf75f91	26		
0x0000000000002064459c558c691c1655A5b3EE95	16777216	0x82bf455e9ebd6a541ef10b683de1edcaf05ce7a19b28c6a7033e7e00beb85f48	1		
0x00000000000020c6e5FB192bD19873e6E5dB4F2e	16777216	0x82bf455e9ebd6a541ef10b683de1edcaf05ce7a18c205f4c7acbfa00a3f25ea6	24		
0x00000000000020dF461b87AE6C7a45214444DE11	16777216	0x82bf455e9ebd6a541ef10b683de1edcaf05ce7a1b63f2ea377a91202eb42761a	31		
0x00000000000021898aB2f597D1e3b9Eb75C637A1	16777216	0x82bf455e9ebd6a541ef10b683de1edcaf05ce7a12a38bf4b8921f50007e5f410	1		
0x00000000000021b06b7c9ff0344e668BDc7a96bc	16777216	0x82bf455e9ebd6a541ef10b683de1edcaf05ce7a15b4901d063d28501b246d335	26		
0x000000000000221b22b44CA64A26E13930A8c80b	16777216	0x82bf455e9ebd6a541ef10b683de1edcaf05ce7a17392ad8faaf341017456dfb6	29		
0x00000000000022f259ff6f3CDA757bB3ba5dc91A	16777216	0x82bf455e9ebd6a541ef10b683de1edcaf05ce7a12618f30ac3b21401310265b5	27		
0x00000000000024316083cC854c8AF75d1b908CBC	16777216	0x82bf455e9ebd6a541ef10b683de1edcaf05ce7a1ef3d9576fc7d5e031a5e899a	2		
0x00000000000024359B0e52523469E2EC700c2C5e	16777216	0x82bf455e9ebd6a541ef10b683de1edcaf05ce7a1f5517aedb44224029e256361	25		
0x000000000000247509791C781708F03EE6E93471	16777216	0x82bf455e9ebd6a541ef10b683de1edcaf05ce7a10ee3a537000add006b7331a5	14		
0x00000000000024d9B41c415Fd9c16bC91D8a5f45	16777216	0x82bf455e9ebd6a541ef10b683de1edcaf05ce7a1e825e65e7079ad012bb4429d	15		
0x00000000000026c5cdfD651b08ff971b93B01312	16777216	0x82bf455e9ebd6a541ef10b683de1edcaf05ce7a1ce09d2f59e296b03169f1517	25		
0x000000000000270Ea53bC69B1eAe1185a2E7aB53	16777216	0x82bf455e9ebd6a541ef10b683de1edcaf05ce7a1be33319e9f818b03dd9a8604	23		
0x0000000000002711f4791F0Bc0C46Cd9E9dbe2E9	16777216	0x82bf455e9ebd6a541ef10b683de1edcaf05ce7a128b29656170fc203bc156275	5		
0x000000000000274d8E063B94A3690f70d3731360	16777216	0x82bf455e9ebd6a541ef10b683de1edcaf05ce7a1a534551bc6abb1023859b254	30		
0x00000000000027eb472C6AA5D906C9270d87DBcD	16777216	0x82bf455e9ebd6a541ef10b683de1edcaf05ce7a102d897bcaad1f40241e8e6b7	18		
0x0000000000002822343870Ad8169A8C25FC66FF5	16777216	0x82bf455e9ebd6a541ef10b683de1edcaf05ce7a146a30c29059d6701009b5f82	4		
0x000000000000286F50d6a252f29Cc650AF638641	16777216	0x82bf455e9ebd6a541ef10b683de1edcaf05ce7a15bef6df209e56903c084e4da	4		
0x000000000000297163Da83AE06e8784c8711c3b6	16777216	0x82bf455e9ebd6a541ef10b683de1edcaf05ce7a13a8ee76209738e027671b234	7		
0x0000000000002A17F8067ca850D987A65634Fd69	16777216	0x82bf455e9ebd6a541ef10b683de1edcaf05ce7a15c487e5f1db252028beba1ce	1		
0x0000000000002a4A8Fe8d849A4d666102AC74132	16777216	0x82bf455e9ebd6a541ef10b683de1edcaf05ce7a1d0d21509d1424302f7536a37	7		
0x0000000000002c0770Deb23013fB086fB8176176	16777216	0x82bf455e9ebd6a541ef10b683de1edcaf05ce7a1f92d6e9753f65e03d1159b21	1		
0x0000000000002c5825bF3Ee980e6e3Aa46B79609	16777216	0x82bf455e9ebd6a541ef10b683de1edcaf05ce7a17e268ff4fbcd040106fe8511	11		
0x0000000000002C7eD4504fd882a0CBb0ae0ACE1D	16777216	0x82bf455e9ebd6a541ef10b683de1edcaf05ce7a1663e79e16038a600f6ae7863	1		
0x0000000000002D6Ef046E092BcE280F75c69bE8d	16777216	0x82bf455e9ebd6a541ef10b683de1edcaf05ce7a1606aa756afd27b0112a4f01a	20		
0x0000000000002D8d91e89eCf009A972d4740c694	314649014	0x82bf455e9ebd6a541ef10b683de1edcaf05ce7a1ed047358c36ded037ea55a3e	30		
0x0000000000002dE9B30f908AD171257aB30023df	314649014	0x82bf455e9ebd6a541ef10b683de1edcaf05ce7a10e5616825afef5019d7963d3	27		
0x0000000000002e4F63073AA1118a7870D038d763	16777216	0x82bf455e9ebd6a541ef10b683de1edcaf05ce7a1f6c240f7750a9f03fb30ef28	7		
0x0000000000002e9695304E1F218633CDB84219a0	16777216	0x82bf455e9ebd6a541ef10b683de1edcaf05ce7a1efe9dbc4455c8e019f83515d	8		
0x0000000000002E9d8569ff32fdf2BE9D5b04039e	16777216	0x82bf455e9ebd6a541ef10b683de1edcaf05ce7a12aa062202da8a803f3bc4399	29		
0x0000000000002eA0f5D36a076D5570b400800dDd	314649014	0x82bf455e9ebd6a541ef10b683de1edcaf05ce7a143b45da357028301c483cbeb	15		
0x000000000000301F5BC0171C75967b8e78a92b10	16777216	0x82bf455e9ebd6a541ef10b683de1edcaf05ce7a1bc5d6619dc76e10040968f05	19		
0x00000000000030FB1605561cAa3E9E0E10C731B0	16777216	0x82bf455e9ebd6a541ef10b683de1edcaf05ce7a152a482722c7cfa03e430f134	25		
0x000000000000334bbd65C195581cf59ECf315932	16777216	0x82bf455e9ebd6a541ef10b683de1edcaf05ce7a101a705e0fa323603098bd475	8		
0x00000000000033F889eD03681B038EcaEDff69c0	16777216	0x82bf455e9ebd6a541ef10b683de1edcaf05ce7a1a565a8671a146a0111ceb8c4	16		
0x000000000000344e43E3694bfc60dDfFF6FeF9Df	16777216	0x82bf455e9ebd6a541ef10b683de1edcaf05ce7a1e9cafb63fe894c02a088e67a	18		
0x00000000000034BAeb1fcB9d25C3Cd7E74b53c4a	16777216	0x82bf455e9ebd6a541ef10b683de1edcaf05ce7a145a90b36e7193f03d1d888c9	0		
0x00000000000037074337a4c8D9A5Ba73243B74cD	16777216	0x82bf455e9ebd6a541ef10b683de1edcaf05ce7a19c9005313206610304e9bc1d	15		
0x00000000000037f884D96dfBf4CD3eF70d8D9715	16777216	0x82bf455e9ebd6a541ef10b683de1edcaf05ce7a19a64aba4d16b230192adfe2f	29		
0x0000000000003828F0584266Ee644A415edA4621	16777216	0x82bf455e9ebd6a541ef10b683de1edcaf05ce7a1ffc24a38755684034f7ec9a2	4		
0x000000000000383B2ce68a8C842Fa29a4D160833	16777216	0x82bf455e9ebd6a541ef10b683de1edcaf05ce7a18b2ffffe75c65103bdedf733	8		
0x0000000000003851679d2566C8878D5261509dD9	16777216	0x82bf455e9ebd6a541ef10b683de1edcaf05ce7a18db55a73417c29037048deba	13		
0x00000000000038639b82faA230577Db93282a5B8	16777216	0x82bf455e9ebd6a541ef10b683de1edcaf05ce7a118166676fa8144037cfec84e	0		
0x00000000000039D637D6A614222b8D8Ecc0f7baa	16777216	0x82bf455e9ebd6a541ef10b683de1edcaf05ce7a1890bf40c7a15850058ea7f81	18		
0x0000000000003A296575227c9785761FE1950f1F	16777216	0x82bf455e9ebd6a541ef10b683de1edcaf05ce7a18e548cb32bd17d01dc95a0a5	0		
0x0000000000003a6Dc2f270Cc994FFc23C6F429b0	16777216	0x82bf455e9ebd6a541ef10b683de1edcaf05ce7a12f5bfc73724b8a03c8c35adc	29		
0x0000000000003aE874eFdCA507358c8B48Ef58CC	16777216	0x82bf455e9ebd6a541ef10b683de1edcaf05ce7a1d44cc45217583200ee72af7c	18		
0x0000000000003BAdf5347829937f111A1D5838d2	16777216	0x82bf455e9ebd6a541ef10b683de1edcaf05ce7a1204b2c6e5320d101e603c450	2		
0x0000000000003C16BebA0D1E1D1F87FC7c1651B4	16777216	0x82bf455e9ebd6a541ef10b683de1edcaf05ce7a10b853a1226dfd4016d8859da	29		
0x0000000000003c32dB6536D52A63a24ca2cFd4ae	16777216	0x82bf455e9ebd6a541ef10b683de1edcaf05ce7a15ae62be8aef62c0021ac931e	29		
0x0000000000003d266C3Ea8420C93Fe0c7AAF20CF	16777216	0x82bf455e9ebd6a541ef10b683de1edcaf05ce7a1b35ff781db973f02582aedfd	14		
0x0000000000003e089D5DAb7f073AedeC127162AD	16777216	0x82bf455e9ebd6a541ef10b683de1edcaf05ce7a1e26a59f6a0424702d3bcbd70	17		
0x0000000000003fD19157c154a227131Ce5f3E0e8	16777216	0x82bf455e9ebd6a541ef10b683de1edcaf05ce7a1906226395219ac028b3d400c	6		
0x00000000000040ae7CD505F4E0e3F34195D8c08C	16777216	0x82bf455e9ebd6a541ef10b683de1edcaf05ce7a1dad371cb8531ff01a299df0b	4		
0x000000000000415bd550226e9a8a275b0c3fbd9E	16777216	0x82bf455e9ebd6a541ef10b683de1edcaf05ce7a1f178762f7efcc8028d44850b	22		
0x00000000000041fe14Ce3c2392337CE501aE8328	16777216	0x82bf455e9ebd6a541ef10b683de1edcaf05ce7a17b8dfb15732e5001bef78eb8	12		
0x00000000000042BE77057270C6797b7DAcf8D266	16777216	0x82bf455e9ebd6a541ef10b683de1edcaf05ce7a1130774f17484c903409af61a	26		
0x00000000000042de7771d9aFEf27E5A8a0Fe1f1E	16777216	0x82bf455e9ebd6a541ef10b683de1edcaf05ce7a1ef729cbf7156850124b31b5c	1		
0x000000000000447B21f04c78aF046dB04E11dEE7	16777216	0x82bf455e9ebd6a541ef10b683de1edcaf05ce7a10a276c854813770236dab3ba	9		
0x00000000000044B12B876C81fE0132f8dc1b85c7	16777216	0x82bf455e9ebd6a541ef10b683de1edcaf05ce7a1ae0c5d66e0d2f0020734f5c9	3		
0x00000000000044cA32A6c392D925B24AFb3c507B	16777216	0x82bf455e9ebd6a541ef10b683de1edcaf05ce7a1e2746d90b831eb016ef963c6	10		
0x000000000000451b0550fb29F24eDc9033184f5E	16777216	0x82bf455e9ebd6a541ef10b683de1edcaf05ce7a1a84483e869775401db4e491f	5		
0x0000000000004574401Ee1A459973771fEC9eAd6	16777216	0x82bf455e9ebd6a541ef10b683de1edcaf05ce7a1cc61cfdbe9558300db80238d	26		
0x00000000000046C4Faaf5b9C6ef32295009050d4	314649014	0x82bf455e9ebd6a541ef10b683de1edcaf05ce7a1d263ec1953bfef0013be9038	6		
0x00000000000046d9508d4fe617F536b0C74091FF	16777216	0x82bf455e9ebd6a541ef10b683de1edcaf05ce7a1ca00b632ffa8f300850bebf5	30		
0x00000000000047CA0bcc55F626D9F0A161FB9e94	16777216	0x82bf455e9ebd6a541ef10b683de1edcaf05ce7a114972d753f33660209d588de	23		
0x000000000000492180824b680ee1ECc78e09c3AD	16777216	0x82bf455e9ebd6a541ef10b683de1edcaf05ce7a1c1b839e1b2cfaa03ac524c7f	30		
0x00000000000049830eee30831Efc5e27F77D74C3	16777216	0x82bf455e9ebd6a541ef10b683de1edcaf05ce7a19bd0b23e49a978018e4c5305	26		
0x00000000000049f100c3061e84D62D34Cbae777C	314649014	0x82bf455e9ebd6a541ef10b683de1edcaf05ce7a1689152f23c045902982053c8	7		
0x0000000000004A0D0744615Bd37504AD64896FCA	16777216	0x82bf455e9ebd6a541ef10b683de1edcaf05ce7a13da7ad00b7b3fc006c17a069	12		
0x0000000000004AcfC11222418BD101417BD3CD68	16777216	0x82bf455e9ebd6a541ef10b683de1edcaf05ce7a1ddf3a183256c3000db099ffd	13		
0x0000000000004b27a7BE348d66A40B18e322E8b9	16777216	0x82bf455e9ebd6a541ef10b683de1edcaf05ce7a11af40eb1e7ad08025f561991	7		
0x0000000000004b5806C177D7f20eA3684a09fBA7	16777216	0x82bf455e9ebd6a541ef10b683de1edcaf05ce7a1cec99744b2747800162fbd70	29		
0x0000000000004BAd06755d53b190Da9CC43D839C	16777216	0x82bf455e9ebd6a541ef10b683de1edcaf05ce7a147eee99a9a9c3501816c1cf2	1		
0x0000000000004c130557021a1441a4F75717a36c	16777216	0x82bf455e9ebd6a541ef10b683de1edcaf05ce7a19fb568e06c5dfc0076b9cfff	22		
0x0000000000004C1C1AD533E78e808871466F7919	16777216	0x82bf455e9ebd6a541ef10b683de1edcaf05ce7a15cfa9e63cbab0601439b9919	16		
0x0000000000004cBec379d5FcB48fC6744844d2bf	16777216	0x82bf455e9ebd6a541ef10b683de1edcaf05ce7a13d3e2ba2bff582020fe43d1b	30		
0x0000000000004d78D071f2d9B9389feC503C6d9f	16777216	0x82bf455e9ebd6a541ef10b683de1edcaf05ce7a1515e28bcdf34bf00190a90b9	9		
0x0000000000004EeFB98b792E65Ef8D483b05509E	16777216	0x82bf455e9ebd6a541ef10b683de1edcaf05ce7a131d7df477f54cd031f0864e7	0		
0x0000000000004f45C8F79b4d3147944F4Ccd83d8	16777216	0x82bf455e9ebd6a541ef10b683de1edcaf05ce7a1c72b34fb7e1d900227ad8d05	12		
0x00000000000050388761488b8Ee15170A27f7A5D	16777216	0x82bf455e9ebd6a541ef10b683de1edcaf05ce7a1e6d0445b01152402974b3338	5		
0x00000000000050a6aFF8202392b5Ece6E13cD4E7	16777216	0x82bf455e9ebd6a541ef10b683de1edcaf05ce7a11d6a4ce356f17c01b85a6326	4		
0x000000000000520dF106C77e767C67657034C0AF	16777216	0x82bf455e9ebd6a541ef10b683de1edcaf05ce7a18d944ef93aa221037f98e3c6	21		
0x000000000000521762D1D38ecb0DEFde81bfe9C9	16777216	0x82bf455e9ebd6a541ef10b683de1edcaf05ce7a151b69fe7d0aee700bea4c636	26		
0x0000000000005326278290855E129c3B236eF748	16777216	0x82bf455e9ebd6a541ef10b683de1edcaf05ce7a19b096e706cdb8c01f9306d54	21		
0x000000000000532779830F26BC015245f6AA8Ff3	16777216	0x82bf455e9ebd6a541ef10b683de1edcaf05ce7a124b049cdef688b0115c8c69c	25		
0x00000000000054197553A13A1Bb309A45b2d7F16	16777216	0x82bf455e9ebd6a541ef10b683de1edcaf05ce7a1785175026d68c90021f1819c	20		
0x00000000000055ff7c878b906cca513b8eCA4c76	16777216	0x82bf455e9ebd6a541ef10b683de1edcaf05ce7a14754997567879e02be6d4403	18		
0x00000000000056922f48C64048f685Fc8Ac666E5	16777216	0x82bf455e9ebd6a541ef10b683de1edcaf05ce7a11616be6961150103ca6b84eb	26		
0x00000000000056d99AB1B25B3Cc88bc2D6D1117B	16777216	0x82bf455e9ebd6a541ef10b683de1edcaf05ce7a1aa956b7ef9704a020712ec03	20		
0x000000000000570961c577D9436F5D128796c8De	16777216	0x82bf455e9ebd6a541ef10b683de1edcaf05ce7a1ca6c58bcf76613013c7110c2	5		
0x000000000000573D753E1C662D25B8699e78e036	16777216	0x82bf455e9ebd6a541ef10b683de1edcaf05ce7a1c5ec2e1481b1e0025646fda7	27		
0x00000000000058420399f63e44ee7982AC36d135	16777216	0x82bf455e9ebd6a541ef10b683de1edcaf05ce7a14ad5a85807b49001d09be2b2	21		
0x00000000000058Ad2346eDCC535BD2474CdEeC28	16777216	0x82bf455e9ebd6a541ef10b683de1edcaf05ce7a1d94c864e87899500ba204ebb	20		
0x000000000000590540CDf7291F2514f8d493B5f7	16777216	0x82bf455e9ebd6a541ef10b683de1edcaf05ce7a15ba63311f53cbb032cca4818	2		
0x0000000000005A7aef87Cc995B6FF585C589bc59	16777216	0x82bf455e9ebd6a541ef10b683de1edcaf05ce7a1748cb852b6345e013714ef02	2		
0x0000000000005AA187A58A453A42FeD1d6369c7F	16777216	0x82bf455e9ebd6a541ef10b683de1edcaf05ce7a1261226c0b8b10c0284a75c57	17		
0x0000000000005aEDAF8f3ec2E911354c57598cDC	16777216	0x82bf455e9ebd6a541ef10b683de1edcaf05ce7a11e0ef8815f72bf019c4a3f24	16		
0x0000000000005b4Ff0F09cbe5DfF259aCc00607a	314649014	0x82bf455e9ebd6a541ef10b683de1edcaf05ce7a182e1956d28b60302a25a6c8e	14		
0x0000000000005b5695e182b52c07B52180CF19EE	16777216	0x82bf455e9ebd6a541ef10b683de1edcaf05ce7a13d94003773edc500a9a43017	7		
0x0000000000005caA899fF080832E473a16A56636	16777216	0x82bf455e9ebd6a541ef10b683de1edcaf05ce7a15afed65e64029c0218c0ec18	20		
0x0000000000005Ce3EA2053db025baFA27110D4f1	16777216	0x82bf455e9ebd6a541ef10b683de1edcaf05ce7a13e07f1c839cc430050336277	8		
0x0000000000005d4D7F01842cDE05636Bd94b4e7B	16777216	0x82bf455e9ebd6a541ef10b683de1edcaf05ce7a11994f32745ebde015a93d737	20		
0x0000000000005Ef21A091DBA40fF20A0c91bEd45	16777216	0x82bf455e9ebd6a541ef10b683de1edcaf05ce7a1fe058ac37d850d00db6188fa	2		
0x0000000000005F1173fFFC2e68219502095d6e22	16777216	0x82bf455e9ebd6a541ef10b683de1edcaf05ce7a1cab977c9b7155b00719d1991	30		
0x0000000000005f197043653bd4F1E8f53f6d2707	16777216	0x82bf455e9ebd6a541ef10b683de1edcaf05ce7a1e8bda6bb05ecf7023f4a070b	25		
0x0000000000005fCb606a477680140e84d8aF621b	16777216	0x82bf455e9ebd6a541ef10b683de1edcaf05ce7a15fe3db5680092b03068e0023	24		
0x000000000000606B566919df51722aAa67a4E402	16777216	0x82bf455e9ebd6a541ef10b683de1edcaf05ce7a19ca4022c54830802239fafe9	18		
0x0000000000006193F94fD135be0A0E2F4Dc59439	16777216	0x82bf455e9ebd6a541ef10b683de1edcaf05ce7a14f68b00b5caf0f020fd46765	22		
0x00000000000061d6df3F88eFa68Df989696DE4f8	16777216	0x82bf455e9ebd6a541ef10b683de1edcaf05ce7a1adc067c480ccf200dc58ffde	1		
0x00000000000062D611E8626466BB6d95EA7C3e59	16777216	0x82bf455e9ebd6a541ef10b683de1edcaf05ce7a18e84ab84aab13d00c205a0c0	1		
0x00000000000062DBF2b04604f365134fd499BA61	16777216	0x82bf455e9ebd6a541ef10b683de1edcaf05ce7a17cc613952f2ef7035b512720	19		
0x00000000000062f233556A34d9D05C3e6ce87ee9	16777216	0x82bf455e9ebd6a541ef10b683de1edcaf05ce7a1da86f2763c3fcd03dbd8540a	8		
0x000000000000634545eB765B22b4ad9e0F4eb2b5	16777216	0x82bf455e9ebd6a541ef10b683de1edcaf05ce7a168be63c82a7dfb005d63f9ba	25		
0x00000000000063B4f998F1da8a5Fc2527d05116A	16777216	0x82bf455e9ebd6a541ef10b683de1edcaf05ce7a10fa9b5a5a811fa01370ba90a	4		
0x0000000000006542B90a37e2465a515718b82158	16777216	0x82bf455e9ebd6a541ef10b683de1edcaf05ce7a1182f9e1a79593a0077a70de1	19		
0x000000000000654504E18d7E5064a2dA88290C35	16777216	0x82bf455e9ebd6a541ef10b683de1edcaf05ce7a191b424ff3c603c00017bc183	9		
0x00000000000065b2c99C6c94642fA117DDaD6Eae	16777216	0x82bf455e9ebd6a541ef10b683de1edcaf05ce7a10a3db363c8c7d701656818ca	20		
0x00000000000065cfcB52b38ddE54b93964d64571	16777216	0x82bf455e9ebd6a541ef10b683de1edcaf05ce7a1b730d85ea9e51302007265c1	8		
0x0000000000006689f55bC172f6b6352fc534eB09	16777216	0x82bf455e9ebd6a541ef10b683de1edcaf05ce7a1d36730357ead5a0228569235	7		
0x00000000000067B3e7a9d54D1f0f1694ce6fa0E1	16777216	0x82bf455e9ebd6a541ef10b683de1edcaf05ce7a1554d94a987af4400239c298e	1		
0x00000000000067bA860f3789025579aFB6f57235	16777216	0x82bf455e9ebd6a541ef10b683de1edcaf05ce7a15c4f36648eac9a009ca37e5a	13		
0x00000000000067dCF4f4442d852C62A08a2815d6	16777216	0x82bf455e9ebd6a541ef10b683de1edcaf05ce7a1570e9a6ebf89fb029b988592	23		
0x000000000000682Efc05d21F7f09f8B8BCfD72E5	16777216	0x82bf455e9ebd6a541ef10b683de1edcaf05ce7a1af04ca8638ee1d026079737b	28		
0x00000000000068C6f262Cb557C5b44c06f7c5138	16777216	0x82bf455e9ebd6a541ef10b683de1edcaf05ce7a11810139577647303d5ffe923	7		
0x00000000000068fF0A1aC6EaAD9FC7bFFc0B42E9	16777216	0x82bf455e9ebd6a541ef10b683de1edcaf05ce7a1a61d48f23c2ede019aa520e7	7		
0x000000000000699C8Fa5E88Cf5944dBdF32dfd07	16777216	0x82bf455e9ebd6a541ef10b683de1edcaf05ce7a1289b5f81b35b07027076e8e1	21		
0x00000000000069C8F63B4379BEeFEfE85De866dA	16777216	0x82bf455e9ebd6a541ef10b683de1edcaf05ce7a11daf72b6a7bbc001f4f9235e	17		
0x0000000000006a6894F4Fa11378320942f14B0f2	16777216	0x82bf455e9ebd6a541ef10b683de1edcaf05ce7a1b9d67038495ddc00318daae2	30		
0x0000000000006b1EAcD8b80Ec32a4aF269Aa58a6	16777216	0x82bf455e9ebd6a541ef10b683de1edcaf05ce7a113826d57779f53006a25771a	22		
0x0000000000006Be36a8a9923521264B5052d0e30	16777216	0x82bf455e9ebd6a541ef10b683de1edcaf05ce7a1f184ea1d6cdd6903b948f92f	1		
0x0000000000006BFBeE93c14615A3A75300b69BE1	314649014	0x82bf455e9ebd6a541ef10b683de1edcaf05ce7a19bc7b6eb5eefdd03084d186c	27		
0x0000000000006c00D36536D09059AA4702De7fA9	314649014	0x82bf455e9ebd6a541ef10b683de1edcaf05ce7a14d5c065a6213020205960eeb	11		
0x0000000000006D532946d7E55020C3a6a599170B	16777216	0x82bf455e9ebd6a541ef10b683de1edcaf05ce7a161cc9d341bf1de01a80aa0d2	31		
0x0000000000006dA03fb218AD21511c0302A652aD	16777216	0x82bf455e9ebd6a541ef10b683de1edcaf05ce7a1c6064fdde1a83a038d994d4c	27		
0x0000000000006Db5faefE7d37E9Dd7C94bc0316A	16777216	0x82bf455e9ebd6a541ef10b683de1edcaf05ce7a1a75ea77ef33403017748054f	2		
0x0000000000006dd371EECD595EacE11cB89231f1	16777216	0x82bf455e9ebd6a541ef10b683de1edcaf05ce7a11f38ca940e600b039e5eebf4	12		
0x0000000000006E12EC2d781Ffa604C78cab34e43	16777216	0x82bf455e9ebd6a541ef10b683de1edcaf05ce7a12e353e4492f80500fc96a8eb	20		
0x0000000000006f2853cF775F933f8614B35cBEDD	16777216	0x82bf455e9ebd6a541ef10b683de1edcaf05ce7a180ffad6ce1e85a00db7bd0ca	7		
0x0000000000006fae2065AddD38F3cb903f5EbB8e	16777216	0x82bf455e9ebd6a541ef10b683de1edcaf05ce7a14e48bfb0f362420368cdebb4	2		
0x00000000000070C2f16d658cad7EB7Ce1CD69A6C	16777216	0x82bf455e9ebd6a541ef10b683de1edcaf05ce7a13bcf8e22abd83501fee1d595	26		
0x00000000000071ad5F5145e68460BD4b82c9C476	16777216	0x82bf455e9ebd6a541ef10b683de1edcaf05ce7a126c8b8a4f63b610060ac7d41	26		
0x00000000000072421C65Ff7d89B51686471a4632	16777216	0x82bf455e9ebd6a541ef10b683de1edcaf05ce7a1618a60e891ad3102396319fd	30		
0x00000000000072D6e4D9cCEcc06F62435Db2F9D8	16777216	0x82bf455e9ebd6a541ef10b683de1edcaf05ce7a1e4c69d7f19d586003dee4bef	19		
0x000000000000744350145D5881Fd9A58c391Eb58	16777216	0x82bf455e9ebd6a541ef10b683de1edcaf05ce7a12bd9c620131a61035396e5e4	23		
0x0000000000007504eDD12C3E6fD21774AD7CBf25	16777216	0x82bf455e9ebd6a541ef10b683de1edcaf05ce7a1c26cbd8752d16b00971d7c65	13		
0x0000000000007526f2d7f54785DfAE1023b532b7	16777216	0x82bf455e9ebd6a541ef10b683de1edcaf05ce7a1b79d254cc8212b03c802d519	8		
0x0000000000007584b5FC57F32b6523600439d7eD	16777216	0x82bf455e9ebd6a541ef10b683de1edcaf05ce7a1d524a733a9ce4101cd725fa6	21		
0x000000000000762f841cd0D59968F80544A82A1f	16777216	0x82bf455e9ebd6a541ef10b683de1edcaf05ce7a19cc42336facb5d00b50486e9	11		
0x000000000000763F13bf94AE615CF91649d01aA0	16777216	0x82bf455e9ebd6a541ef10b683de1edcaf05ce7a163bd64dbc4623403f10bf4f6	7		
0x000000000000769b5Db05265aB810cD701182E1F	16777216	0x82bf455e9ebd6a541ef10b683de1edcaf05ce7a14d3a2e36821c2d002d5b2983	23		
0x00000000000076dE1358781b5D17b89fc8022479	16777216	0x82bf455e9ebd6a541ef10b683de1edcaf05ce7a139e17444ba3591003b47e867	29		
0x00000000000077090054095EaAFbE25EAcDE43bf	314649014	0x82bf455e9ebd6a541ef10b683de1edcaf05ce7a1e1f2762c3461670066098549	14		
0x00000000000078AfDfCaFe46Ae970a92b752F568	16777216	0x82bf455e9ebd6a541ef10b683de1edcaf05ce7a1982b7fbb38071301c1fd509a	17		
0x0000000000007952Ab354Fe87C64c4A4EB227fFB	16777216	0x82bf455e9ebd6a541ef10b683de1edcaf05ce7a11194a4be35748f0279257601	7		
0x00000000000079EB2328B97851138b4d24321C1D	16777216	0x82bf455e9ebd6a541ef10b683de1edcaf05ce7a1a550cc0d907ddf02a0c960fb	10		
0x0000000000007A39632c0358128542F091D8b95d	16777216	0x82bf455e9ebd6a541ef10b683de1edcaf05ce7a18bf747217c061a01db70c127	31		
0x0000000000007a4B8eb462BcAeEb44BcF7FB408B	16777216	0x82bf455e9ebd6a541ef10b683de1edcaf05ce7a104af021c2c56ec00dcd1b836	26		
0x0000000000007a8E14D32D99a7724C83ee363183	16777216	0x82bf455e9ebd6a541ef10b683de1edcaf05ce7a1bd0fd7b216623000ff3b6165	27		
0x0000000000007AFAEf42116233F03ba63A584fCb	16777216	0x82bf455e9ebd6a541ef10b683de1edcaf05ce7a1af40bf0edd19b600fd1d2f18	31		
0x0000000000007c565817e774bd474972cC428506	16777216	0x82bf455e9ebd6a541ef10b683de1edcaf05ce7a1d478d62b225bc0032aced61c	26		
0x0000000000007c9c7e8921fC903B2d7778dfCC23	16777216	0x82bf455e9ebd6a541ef10b683de1edcaf05ce7a1ac87959d23253700396c2736	28		
0x0000000000007cB0Bd2a02E8C3FD36FEFe2CD114	16777216	0x82bf455e9ebd6a541ef10b683de1edcaf05ce7a17271c33ec6633c01353095b6	2		
0x0000000000007D052129c0043C1C7324660F7A21	16777216	0x82bf455e9ebd6a541ef10b683de1edcaf05ce7a11b8cabff387473034581b077	29		
0x0000000000007DD5AD203eC0f51EBD1fcbE00088	314649014	0x82bf455e9ebd6a541ef10b683de1edcaf05ce7a1697b7e236d3c51034594f071	5		
0x0000000000007e8213af01768045be8687758ddc	16777216	0x82bf455e9ebd6a541ef10b683de1edcaf05ce7a19d83822cf5288d0194137544	10		
0x0000000000007E8e5A0F129fB84d117e623c0C9A	16777216	0x82bf455e9ebd6a541ef10b683de1edcaf05ce7a1016490722ba4cb036033a34c	25		
0x0000000000007eE4E807AeD90c575F36a5d3d27D	16777216	0x82bf455e9ebd6a541ef10b683de1edcaf05ce7a1ef61360d53a3a30090a7b6be	7		
0x0000000000007F181F99c36627BB480361D62ca5	16777216	0x82bf455e9ebd6a541ef10b683de1edcaf05ce7a1b454ef9dc36a700309062559	1		
0x0000000000007fa96995d992eCEA588aD5Ea7994	16777216	0x82bf455e9ebd6a541ef10b683de1edcaf05ce7a17a8a955e30bb7001d8b5d048	24		
0x0000000000008063Ef3daEFc7171B26F476056a6	16777216	0x82bf455e9ebd6a541ef10b683de1edcaf05ce7a1a6bfc9a68e8e75008fd8fe0f	17		
0x00000000000080a52deCD92c42Af95a0180E3BdA	16777216	0x82bf455e9ebd6a541ef10b683de1edcaf05ce7a14e2d9195dc737300c226cd81	23		
0x00000000000080A951bcb51b271fDDc4BA28bCB3	16777216	0x82bf455e9ebd6a541ef10b683de1edcaf05ce7a10b7f39829434450091207551	19		
0x000000000000815126cDfFeF14C1a0aD8D0c9C8c	16777216	0x82bf455e9ebd6a541ef10b683de1edcaf05ce7a153df23818f788003a433d5a3	4		
0x0000000000008154a0ca3158905CF433a4be905B	16777216	0x82bf455e9ebd6a541ef10b683de1edcaf05ce7a1d2b71325438cd9004be4b104	20		
0x000000000000815755B67cF80Fa799cc163e3AD0	16777216	0x82bf455e9ebd6a541ef10b683de1edcaf05ce7a1431d51e3819869027ecf335b	26		
0x0000000000008160931B50bE02c683b8a14BB203	16777216	0x82bf455e9ebd6a541ef10b683de1edcaf05ce7a146ef8c97ae1a460210f67591	31		
0x000000000000823107b1690Fc32F210Ea0Bd5937	16777216	0x82bf455e9ebd6a541ef10b683de1edcaf05ce7a1456d704f150c2c0244bc1546	27		
0x0000000000008231b386D27fCb80DC23cb3c6e77	16777216	0x82bf455e9ebd6a541ef10b683de1edcaf05ce7a1e6df9b67810ae50047d5547a	25		
0x0000000000008401439573F0E67dbeAf3B3d79f2	16777216	0x82bf455e9ebd6a541ef10b683de1edcaf05ce7a170defad6d46e28030043fefe	31		
0x00000000000087E1a3Da3815Ed6A2A89C70E8Ea7	16777216	0x82bf455e9ebd6a541ef10b683de1edcaf05ce7a1970eaa994ae605004e6381ca	28		
0x0000000000008A39E6D4976298B3Db04941989aB	16777216	0x82bf455e9ebd6a541ef10b683de1edcaf05ce7a1b6af41894aaec40084d66ae7	16		
0x0000000000008a5E682eb083e114Cc490AD4a38F	16777216	0x82bf455e9ebd6a541ef10b683de1edcaf05ce7a1c6402af1171093028b17bce8	14		
0x0000000000008A78f04B843247B4ddfb5B9eC947	16777216	0x82bf455e9ebd6a541ef10b683de1edcaf05ce7a184b2aec777cc6f0069632106	6		
0x0000000000008abBe141d6F8D216cEDbc484F93B	16777216	0x82bf455e9ebd6a541ef10b683de1edcaf05ce7a16c66bfa2aca3c80338beed82	22		
0x0000000000008af5A62cabAd0574eF75c4702fb9	16777216	0x82bf455e9ebd6a541ef10b683de1edcaf05ce7a1a76e6d72bdddc401a7408549	27		
0x0000000000008B8B90ed6F4AEC3B0fD6D0Bb5A80	16777216	0x82bf455e9ebd6a541ef10b683de1edcaf05ce7a1f39f6b071b6fae02b3fc0700	1		
0x0000000000008c93Fb2f87AACE8387A3060F43dc	16777216	0x82bf455e9ebd6a541ef10b683de1edcaf05ce7a1c8320aff5693af03a01b9335	10		
0x0000000000008d17f604Bf17eD63b19D31A06785	16777216	0x82bf455e9ebd6a541ef10b683de1edcaf05ce7a1123fad703c2d2a02661ed2ca	8		
0x0000000000008eB7FB20A051fb18CAe0dA1DE884	16777216	0x82bf455e9ebd6a541ef10b683de1edcaf05ce7a10c835beb66dc6901ea2cdabb	21		
0x0000000000008F45926F8D896462E75aEF5Fc8f7	16777216	0x82bf455e9ebd6a541ef10b683de1edcaf05ce7a1c5c4fd4b2e3ac4000f017b38	20		
0x0000000000008f4796B57bf8e280472ff18f7507	16777216	0x82bf455e9ebd6a541ef10b683de1edcaf05ce7a1be4e688945b13200b649b20c	0		
0x0000000000008fe9300282f168a0628ADcE6297C	16777216	0x82bf455e9ebd6a541ef10b683de1edcaf05ce7a1b29a27e211b40b03a98ba7b8	26		
0x0000000000009058D6d98F774Ea54fab0F8Cdc14	16777216	0x82bf455e9ebd6a541ef10b683de1edcaf05ce7a19dd1a3bc8f5e0c03b3d39f75	17		
0x000000000000908b4DD077E20134B594d7A695C6	16777216	0x82bf455e9ebd6a541ef10b683de1edcaf05ce7a18f32986eff10b503cf45f88c	3		
0x000000000000917d0053C856f993b7190133Dd14	314649014	0x82bf455e9ebd6a541ef10b683de1edcaf05ce7a102cf5ad4435d5101ffc7b506	10		
0x00000000000091D14E460757AF7F8e52EC366AA7	16777216	0x82bf455e9ebd6a541ef10b683de1edcaf05ce7a14e281dc2b967490380879195	25		
0x000000000000925cC5151D5897A5b11F356193eB	16777216	0x82bf455e9ebd6a541ef10b683de1edcaf05ce7a1d483f2727052c1030c85606d	4		
0x000000000000928aCD4287D08Dd1701cE4C66969	16777216	0x82bf455e9ebd6a541ef10b683de1edcaf05ce7a17e8f74b05cd23903c95e1549	27		
0x00000000000092EDe6B60c814b51Bf39082e0938	16777216	0x82bf455e9ebd6a541ef10b683de1edcaf05ce7a1f9afeee46d2e57017136ee35	23		
0x000000000000931e9256E7474e9FE461CEbD17dF	16777216	0x82bf455e9ebd6a541ef10b683de1edcaf05ce7a1525b213763f68d01aedaacad	19		
0x00000000000093EEfF9b03f4eD881637BF246cF3	16777216	0x82bf455e9ebd6a541ef10b683de1edcaf05ce7a153db1e67b839c1002e6d3fc3	18		
0x000000000000965028BC914C757544cF9416408E	16777216	0x82bf455e9ebd6a541ef10b683de1edcaf05ce7a15f056e00c47fe602ed6002be	20		
0x00000000000096d0f3b8c0D7E7213DDea8AC09Fe	16777216	0x82bf455e9ebd6a541ef10b683de1edcaf05ce7a158b53e9065c44901944e04f3	28		
0x00000000000096f165522ce029a0aB12fa05600a	16777216	0x82bf455e9ebd6a541ef10b683de1edcaf05ce7a18e40cdf7e19d59027d1df1ca	27		
0x00000000000097B0Caa21779f9DC35d0203c173D	16777216	0x82bf455e9ebd6a541ef10b683de1edcaf05ce7a13b4d22901baf3702772b41a2	31		
0x00000000000097E061C332dc7B7a5aa53082D313	16777216	0x82bf455e9ebd6a541ef10b683de1edcaf05ce7a1d87b1688913a5e03bf203a87	29		
0x00000000000098EdD2B5c5A19Ee6B86da8D965EA	16777216	0x82bf455e9ebd6a541ef10b683de1edcaf05ce7a10f71d07a2e487e00989f4243	25		
0x00000000000098F4408fD3858CE87A560f5613F3	16777216	0x82bf455e9ebd6a541ef10b683de1edcaf05ce7a1eb52d953f94032014a01a683	12		
0x00000000000099b6f6711A3f25c58f8f2a336A60	16777216	0x82bf455e9ebd6a541ef10b683de1edcaf05ce7a10f15eefd518985025155db39	16		
0x00000000000099cBC3A7cA7D0bD2a9f18eE13AA6	16777216	0x82bf455e9ebd6a541ef10b683de1edcaf05ce7a124ab920c99fb0402f3f02368	0		
0x00000000000099f3571a27786535bEC0971C5bf8	16777216	0x82bf455e9ebd6a541ef10b683de1edcaf05ce7a1b827fb1748e57c02e33f0d09	24		
0x0000000000009A9a4b6097B609B957d466569AFF	16777216	0x82bf455e9ebd6a541ef10b683de1edcaf05ce7a1012ebcecb4e3f0033cbca886	2		
0x0000000000009b10eD877ABDEE7f755fD3961499	16777216	0x82bf455e9ebd6a541ef10b683de1edcaf05ce7a19c61af038de40301cadd84c7	10		
0x0000000000009bbdf2641aFA7C29e274C684cc54	16777216	0x82bf455e9ebd6a541ef10b683de1edcaf05ce7a1f093050118b73d02d8cca289	14		
0x0000000000009c89a683bbB935E3236567aA7Dfe	16777216	0x82bf455e9ebd6a541ef10b683de1edcaf05ce7a14780745b444592022d85dd64	2		
0x0000000000009cE41B223Cd814437e3925D67AC0	16777216	0x82bf455e9ebd6a541ef10b683de1edcaf05ce7a10978b3e127327102936b36d1	22		
0x0000000000009d0904A1124145b82Fa27bd2d0Fd	16777216	0x82bf455e9ebd6a541ef10b683de1edcaf05ce7a1b932be8cdc80ea023771dd4a	31		
0x0000000000009DCcc0EB783E1B9faA323Ed70181	16777216	0x82bf455e9ebd6a541ef10b683de1edcaf05ce7a162a34cf30904ff01ffcc224c	10		
0x0000000000009E761B32dEefD341CF24107F45E5	16777216	0x82bf455e9ebd6a541ef10b683de1edcaf05ce7a18b599763971eec00fa4b48d8	3		
0x0000000000009ecbF1f1ee28ceDf38CB106739bb	16777216	0x82bf455e9ebd6a541ef10b683de1edcaf05ce7a1bb45596bab4d190378cc0c39	17		
0x0000000000009F5c899A7817658499561Bce40C3	16777216	0x82bf455e9ebd6a541ef10b683de1edcaf05ce7a1311ec3bc853975019ff5ccf5	0		
0x0000000000009fa1B97c0fE899c03f97eA6C99E4	16777216	0x82bf455e9ebd6a541ef10b683de1edcaf05ce7a1613d550c36b6ae0378ef8d94	14		
0x000000000000a0C30054039Fe06abc4c6C65c00D	314649014	0x82bf455e9ebd6a541ef10b683de1edcaf05ce7a18ea56ef8dd4fa501650fc380	1		
0x000000000000A17BE53D4184798eb698423dfEE1	16777216	0x82bf455e9ebd6a541ef10b683de1edcaf05ce7a16d05e3a1a734fa01b3fcef37	19		
0x000000000000a201EEd388414c99709738b5ca81	16777216	0x82bf455e9ebd6a541ef10b683de1edcaf05ce7a14296bddb91b9f003f3a7cea1	30		
0x000000000000a25e126096DE1C68F99a659Bf5B0	16777216	0x82bf455e9ebd6a541ef10b683de1edcaf05ce7a1a7ade9c462e0d30257f097e8	0		
0x000000000000a2FC3485DAE29788bb9e1F8BF2AA	16777216	0x82bf455e9ebd6a541ef10b683de1edcaf05ce7a1af1e64b0cbe886023230173e	24		
0x000000000000a34DCfC8046f2227D073E01Fa881	16777216	0x82bf455e9ebd6a541ef10b683de1edcaf05ce7a17cc6ec52d425f80214b86211	15		
0x000000000000a35C371681beB5c66d04906bfE06	16777216	0x82bf455e9ebd6a541ef10b683de1edcaf05ce7a14be7de6e71bd5f0113336bcf	23		
0x000000000000A3b52f80f04b5a0bAB6Bb1b78F43	16777216	0x82bf455e9ebd6a541ef10b683de1edcaf05ce7a1d4d1e07ad7708e00a00496cd	27		
0x000000000000a3e174F01295053Aa93973c2D48F	16777216	0x82bf455e9ebd6a541ef10b683de1edcaf05ce7a1cf46c2d3cbc23d026239f3b0	5		
0x000000000000a3fBA7815305b5AC0F0EcFd27889	16777216	0x82bf455e9ebd6a541ef10b683de1edcaf05ce7a1b92b27e5d7a3e700eafdbf8f	16		
0x000000000000a4e5C1055b4BC28AEBa6aF366a3c	16777216	0x82bf455e9ebd6a541ef10b683de1edcaf05ce7a1361f3494c4c552025feca95a	4		
0x000000000000A5EC73a5D461D92F1BE933Dd9079	16777216	0x82bf455e9ebd6a541ef10b683de1edcaf05ce7a1373c402396f6a000859dd57f	15		
0x000000000000A62Bb2A033a316d202B8017513D5	16777216	0x82bf455e9ebd6a541ef10b683de1edcaf05ce7a14bb841856c35ff0167758389	25		
0x000000000000a7134B49A7dC983df330BB7C75d0	16777216	0x82bf455e9ebd6a541ef10b683de1edcaf05ce7a1c58bd1987bb5b403561ca106	5		
0x000000000000a76BcDCA9A3F0BD39A71aD690A63	16777216	0x82bf455e9ebd6a541ef10b683de1edcaf05ce7a17edf2d24a1eb2c015423ea0c	14		
0x000000000000A7848BD42C993d37aE0Db24D2343	16777216	0x82bf455e9ebd6a541ef10b683de1edcaf05ce7a1a153494b1d324002fb19b1b1	3		
0x000000000000A8663D71A83915048972D44B5D02	16777216	0x82bf455e9ebd6a541ef10b683de1edcaf05ce7a133dca4765b3df60055cd7714	11		
0x000000000000a8CdE71b7f9e075972D5903E3F19	16777216	0x82bf455e9ebd6a541ef10b683de1edcaf05ce7a1696a8e0d15ea9201cb2d2851	31		
0x000000000000A8D9f1363115bb3C2d7fb083D7bF	16777216	0x82bf455e9ebd6a541ef10b683de1edcaf05ce7a1d12051bc196a6a0391c77321	20		
0x000000000000A9049bbE76a284bdDa5810177657	16777216	0x82bf455e9ebd6a541ef10b683de1edcaf05ce7a18377d6d807db0100be6360e7	9		
0x000000000000a94CB78d1112d14575Ba33eE9e53	16777216	0x82bf455e9ebd6a541ef10b683de1edcaf05ce7a16683d948d5d4be023a72f6af	30		
0x000000000000a98ebB0a7C63C46a0653175f761c	16777216	0x82bf455e9ebd6a541ef10b683de1edcaf05ce7a11e3d41987e99c10062b12292	7		
0x000000000000a9ceD963e3ea50E8292aB228B907	16777216	0x82bf455e9ebd6a541ef10b683de1edcaf05ce7a17d33945f4cd45802de66e74d	30		
0x000000000000aAE6FBF248fEcE74160f3E2FD52f	16777216	0x82bf455e9ebd6a541ef10b683de1edcaf05ce7a1e3ea4fba9d28950278cf169f	2		
0x000000000000aaF5c946a9b6647d26f2Ab933b8b	16777216	0x82bf455e9ebd6a541ef10b683de1edcaf05ce7a143e0b2af4951d4033a5cbcff	6		
0x000000000000abDDb0b56FB1657766d460575467	16777216	0x82bf455e9ebd6a541ef10b683de1edcaf05ce7a1f4c843e85f12e9033db84151	20		
0x000000000000AC408eF13429736291d3928EFA24	16777216	0x82bf455e9ebd6a541ef10b683de1edcaf05ce7a1358c0fa941039203aab049db	4		
0x000000000000aD26686f7eceE009487cc7e17F28	16777216	0x82bf455e9ebd6a541ef10b683de1edcaf05ce7a1880b931849bf7d01b8adafbd	21		
0x000000000000AeB14e46fb97a8Ea02BDD31a6f34	16777216	0x82bf455e9ebd6a541ef10b683de1edcaf05ce7a155f64a59a76541033cace0d6	0		
0x000000000000AF6fF2298d7A0DEB0e5FEe32F339	16777216	0x82bf455e9ebd6a541ef10b683de1edcaf05ce7a11cce0f60fbc081004d5d220e	12		
0x000000000000aFF1a0520024D31b1d13Ab8F7a6b	314649014	0x82bf455e9ebd6a541ef10b683de1edcaf05ce7a111749fc01e6ca402bbe5242e	26		
0x000000000000b0Cdd214dBF1D4cA3Aa124c26336	16777216	0x82bf455e9ebd6a541ef10b683de1edcaf05ce7a1fbc3e66b66234403394fd551	31		
0x000000000000B0EDEAEEEB30dD448DD4afdB9BAB	16777216	0x82bf455e9ebd6a541ef10b683de1edcaf05ce7a14fdf0dc7e16b230140ba8461	5		
0x000000000000b16788C787dA2303C8C5dE13941C	16777216	0x82bf455e9ebd6a541ef10b683de1edcaf05ce7a1e5be8dd0b9110b03efb1159e	17		
0x000000000000b1C8e0BfC9e482adfa4D3398E8c6	16777216	0x82bf455e9ebd6a541ef10b683de1edcaf05ce7a12dbe2c8d13800f00fc3c6059	0		
0x000000000000B1d5C9826c42b24b8143A075354D	16777216	0x82bf455e9ebd6a541ef10b683de1edcaf05ce7a1f619732fb4af88014e7a66b8	4		
0x000000000000B23DFf4fb762F6f63deE52e12029	16777216	0x82bf455e9ebd6a541ef10b683de1edcaf05ce7a13780481e2f5c8c00e1bd1701	25		
0x000000000000b2635d2d252FB06160Dc95217241	16777216	0x82bf455e9ebd6a541ef10b683de1edcaf05ce7a133b658fbf47be403d3ed5e39	15		
0x000000000000B2c73853B1e7E7Be7D74d890Fb41	16777216	0x82bf455e9ebd6a541ef10b683de1edcaf05ce7a17e034c4b5b8230033ab2ace9	29		
0x000000000000b48667B1E7315C4257604a338298	16777216	0x82bf455e9ebd6a541ef10b683de1edcaf05ce7a1f20b563738d82e035615d78e	23		
0x000000000000b49EC1dDdDC1BB69d01CB8162cDb	16777216	0x82bf455e9ebd6a541ef10b683de1edcaf05ce7a1a7decd10ed0b4d034c43184a	26		
0x000000000000B52C60955e3Fcaf826348d3687a3	16777216	0x82bf455e9ebd6a541ef10b683de1edcaf05ce7a1c160d1b0e21c44025e5c8a73	15		
0x000000000000b56462Bcda911aba5d8e81376726	16777216	0x82bf455e9ebd6a541ef10b683de1edcaf05ce7a1d523f8d883242301c6494b98	5		
0x000000000000B6212dfc8bb4Fda0492E83C67E12	16777216	0x82bf455e9ebd6a541ef10b683de1edcaf05ce7a1a85b785e78e20b03163ac9fc	17		
0x000000000000B650681f3a8729B3BC31959e54df	16777216	0x82bf455e9ebd6a541ef10b683de1edcaf05ce7a1cf282611b7afaf01a3ccaab6	3		
0x000000000000b72eAE73b8DFc18CFCbae23DB5B8	16777216	0x82bf455e9ebd6a541ef10b683de1edcaf05ce7a1d930186e7ee59603ebeef23d	26		
0x000000000000b7B8310566C351ED418a758e474d	16777216	0x82bf455e9ebd6a541ef10b683de1edcaf05ce7a18a562ab5d1b8f20009189ba6	26		
0x000000000000B7eC0F98c0f6528BE5CDf407a8c0	16777216	0x82bf455e9ebd6a541ef10b683de1edcaf05ce7a1ca97e8de83650a0253610f3f	15		
0x000000000000b8fBD1FA345c642aF57314eef5b5	16777216	0x82bf455e9ebd6a541ef10b683de1edcaf05ce7a19aef5c03ac1ca003729bf9f6	20		
0x000000000000B9571007d575DFf11917694a6A6d	16777216	0x82bf455e9ebd6a541ef10b683de1edcaf05ce7a1a2455175b70b580059e6027d	20		
0x000000000000ba3b5B98DDE1c22Fa395f826f177	16777216	0x82bf455e9ebd6a541ef10b683de1edcaf05ce7a1c91243eb75f5da0381ede4d1	22		
0x000000000000ba3db854C409df3466D45463488F	16777216	0x82bf455e9ebd6a541ef10b683de1edcaf05ce7a1811bb342eea96900581d0970	15		
0x000000000000bA5C3F57086164332C6845e0121C	16777216	0x82bf455e9ebd6a541ef10b683de1edcaf05ce7a17c9e655ca4012f03d7127a0e	20		
0x000000000000bCd4E7282B0D7bA2Ff141C943e41	16777216	0x82bf455e9ebd6a541ef10b683de1edcaf05ce7a18a003d2002583f0247cc9104	22		
0x000000000000bD2D7c288ea3b72f9790AAC9b076	16777216	0x82bf455e9ebd6a541ef10b683de1edcaf05ce7a144f3f0ca8a890f00320568c2	7		
0x000000000000bD7daA3e9fa4AF460AA90b712C87	16777216	0x82bf455e9ebd6a541ef10b683de1edcaf05ce7a1a03a788146005000eb3ca515	3		
0x000000000000Bd9D5D90b6eBe28110052243338B	16777216	0x82bf455e9ebd6a541ef10b683de1edcaf05ce7a1b19490873a386a039a287c7c	30		
0x000000000000BE5E4A216Ea4CA149C45aC98d155	16777216	0x82bf455e9ebd6a541ef10b683de1edcaf05ce7a1aa2905a4f3f98502a57a15e9	31		
0x000000000000BF602BF9fd5a836075445160C4F0	16777216	0x82bf455e9ebd6a541ef10b683de1edcaf05ce7a1f5654b0ad7f5510144aa4175	21		
0x000000000000bfc4a686dB59792cfF8a47d19f1D	16777216	0x82bf455e9ebd6a541ef10b683de1edcaf05ce7a150cbe2b265403e013b41fd52	4		
0x000000000000c03605c646776bE998703ED169Ad	16777216	0x82bf455e9ebd6a541ef10b683de1edcaf05ce7a1f5c6b5a341198902939e6cc6	24		
0x000000000000C08B2e5Ad31c197CA523b9EB1Dc2	16777216	0x82bf455e9ebd6a541ef10b683de1edcaf05ce7a18bd282c2dfd2bf0167dc794c	27		
0x000000000000c16b96C432320ea3094E538091d2	16777216	0x82bf455e9ebd6a541ef10b683de1edcaf05ce7a12d25ad8ae716430370179557	12		
0x000000000000c19084897a84fEe6BD68067bD9A2	16777216	0x82bf455e9ebd6a541ef10b683de1edcaf05ce7a118f39a2e963b0c00e3846f11	23		
0x000000000000C21DBA908075a579fB847FA3e29f	16777216	0x82bf455e9ebd6a541ef10b683de1edcaf05ce7a10fe7795214a4d90100a8bf98	17		
0x000000000000C269B5c4550830E404E9b0D971c9	16777216	0x82bf455e9ebd6a541ef10b683de1edcaf05ce7a137054fd9fca3ed029862c79e	21		
0x000000000000C27C11246B3ECf7209CE3e41E377	16777216	0x82bf455e9ebd6a541ef10b683de1edcaf05ce7a1e239ef948ee0af0032d34e83	31		
0x000000000000c2B1Ece855988eFED26524b0693f	16777216	0x82bf455e9ebd6a541ef10b683de1edcaf05ce7a16e0c9967060ad0027ae41384	0		
0x000000000000C2CA751eA69166fF0Ef69a66298e	16777216	0x82bf455e9ebd6a541ef10b683de1edcaf05ce7a15847e4dc8a7409011e24ebe9	12		
0x000000000000C458C750594DfFe6C152C1EB48fE	16777216	0x82bf455e9ebd6a541ef10b683de1edcaf05ce7a1cdd1e34dd7e9dc017d8eac2d	20		
0x000000000000C47d0Cc0e7B44B83A8A099d70b50	16777216	0x82bf455e9ebd6a541ef10b683de1edcaf05ce7a14090ecd97ed3a50021e0cde5	21		
0x000000000000C52043120702bA24Bf4479fFeE58	16777216	0x82bf455e9ebd6a541ef10b683de1edcaf05ce7a1a80d093af846a10064a043a2	8		
0x000000000000C5E4813166eDc4A9ca91Eee73a6A	16777216	0x82bf455e9ebd6a541ef10b683de1edcaf05ce7a189dc363fceb02e03cda0a149	18		
0x000000000000c6352CB9E7663b52D833D4d0C385	16777216	0x82bf455e9ebd6a541ef10b683de1edcaf05ce7a19d2e4bd6c494eb01636a13fa	6		
0x000000000000c79CD5971B987D47b46EDA9678DC	16777216	0x82bf455e9ebd6a541ef10b683de1edcaf05ce7a19deaeba3ec361000776acea4	4		
0x000000000000c7b0E209AC66EA2F4F4f673c2185	16777216	0x82bf455e9ebd6a541ef10b683de1edcaf05ce7a1bc3bc33717663f02d90f0f82	22		
0x000000000000C7f750e9a971A56a4FF33Fc61312	16777216	0x82bf455e9ebd6a541ef10b683de1edcaf05ce7a1621e036b14596c03681a92f1	29		
0x000000000000C820b9398F9dDBFC408a30aF88D0	16777216	0x82bf455e9ebd6a541ef10b683de1edcaf05ce7a1e105f6ee7246b702bf730a2b	3		
0x000000000000C97Bc8b2929005C942322B535d5E	16777216	0x82bf455e9ebd6a541ef10b683de1edcaf05ce7a1733ba0c4d2478c02146a7265	30		
0x000000000000C99964D0Cf24BABb7B46d5bE46F3	16777216	0x82bf455e9ebd6a541ef10b683de1edcaf05ce7a159ed7d4d3700f7003aebf8d1	1		
0x000000000000Ca47Be0D81620eE71254D6E02636	16777216	0x82bf455e9ebd6a541ef10b683de1edcaf05ce7a1b6c8f2166ffc410172173247	27		
0x000000000000CA868C88D2bE331F940fe54711D3	16777216	0x82bf455e9ebd6a541ef10b683de1edcaf05ce7a1fab5217bf2834f00d89ac15e	10		
0x000000000000cAAb1B3ED2232A72E13ea50a3Eb5	16777216	0x82bf455e9ebd6a541ef10b683de1edcaf05ce7a1c770373b2291de0245507802	13		
0x000000000000Cb8057B035435F51F4e63008e8ee	16777216	0x82bf455e9ebd6a541ef10b683de1edcaf05ce7a1cd21fd97980c7f020225489f	24		
0x000000000000cC02ffC3c9e740e90ac26Cdd6122	16777216	0x82bf455e9ebd6a541ef10b683de1edcaf05ce7a13728e93c77ccd7039589095d	16		
0x000000000000Cda7eDB9b7f3D0728E0C32eA438F	16777216	0x82bf455e9ebd6a541ef10b683de1edcaf05ce7a108e3c274be5c1101baa97036	14		
0x000000000000CE3d763e6d591dC16325dDc0E70a	16777216	0x82bf455e9ebd6a541ef10b683de1edcaf05ce7a1398358c7a194880171e24dfa	31		
0x000000000000CEd4498d2a6bC26369a85cEF4D63	16777216	0x82bf455e9ebd6a541ef10b683de1edcaf05ce7a162f4a7146ee4bc03795b5fb5	28		
0x000000000000CF804B4DF41792228D1cFd1D82e7	16777216	0x82bf455e9ebd6a541ef10b683de1edcaf05ce7a1ba26d38d19e43700a40ccc42	21		
0x000000000000CF8BD0e20944b18E0B2ca4AAbF2E	16777216	0x82bf455e9ebd6a541ef10b683de1edcaf05ce7a1d7caca085d625101ede01a9b	23		
0x000000000000CFa6d937F5bC6B91f137239d7E2D	16777216	0x82bf455e9ebd6a541ef10b683de1edcaf05ce7a11effe3c298747300b717486d	18		
0x000000000000d150481982cD463D3DEfBe69a711	16777216	0x82bf455e9ebd6a541ef10b683de1edcaf05ce7a1aea4ac359d4f4b01e5454d8a	28		
0x000000000000D2Fb409565A284ACb82E5719afc2	16777216	0x82bf455e9ebd6a541ef10b683de1edcaf05ce7a1b30645482df85c03b3ee490b	14		
0x000000000000d326F6511d4c1Efb60a32Ae73EB3	16777216	0x82bf455e9ebd6a541ef10b683de1edcaf05ce7a10212bfdaffe73c01443a4b5e	13		
0x000000000000d3b89480DfeA428e657925F67Db8	16777216	0x82bf455e9ebd6a541ef10b683de1edcaf05ce7a1d46b875ba940e801f0d6eda2	27		
0x000000000000D42Fe96220d18A2fCD397023EcA8	16777216	0x82bf455e9ebd6a541ef10b683de1edcaf05ce7a1f53d23acaab3f9015e6a9a9f	14		
0x000000000000D4A7c7cebbc5C972565f99AD48C8	16777216	0x82bf455e9ebd6a541ef10b683de1edcaf05ce7a15395ee8a92e8080045cde098	10		
0x000000000000d54C768b6Bc335889FF722e36693	16777216	0x82bf455e9ebd6a541ef10b683de1edcaf05ce7a1541ddb271f2c76025474da8e	3		
0x000000000000d55e18A08CE2f921eAD7d99e7827	16777216	0x82bf455e9ebd6a541ef10b683de1edcaf05ce7a13d1bb3cda0ed4c034abcc5a5	7		
0x000000000000d60983D15e47e977989dbC2cb0ff	16777216	0x82bf455e9ebd6a541ef10b683de1edcaf05ce7a147b106f9944cc60342262170	24		
0x000000000000d6CFa3F6B6fE3e0EA30281cb24C0	16777216	0x82bf455e9ebd6a541ef10b683de1edcaf05ce7a1e5276247b41d7200359e3118	18		
0x000000000000d77903ECA69A1b4011E473836131	16777216	0x82bf455e9ebd6a541ef10b683de1edcaf05ce7a1133c46cf2058df018809f5ae	3		
0x000000000000D807503194428B9e395bB1C98185	16777216	0x82bf455e9ebd6a541ef10b683de1edcaf05ce7a1b59ba2f7b29bc700f8dd6414	18		
0x000000000000D95517F953292C3C7127dB0e9bb6	16777216	0x82bf455e9ebd6a541ef10b683de1edcaf05ce7a1eff9c3bd4a2329004ffb61ed	5		
0x000000000000D9aCb4B9D18755E939DD922d6075	16777216	0x82bf455e9ebd6a541ef10b683de1edcaf05ce7a14499e97f8c512703d58b0e86	7		
0x000000000000D9Bb3EE10552e25e271620f72f51	16777216	0x82bf455e9ebd6a541ef10b683de1edcaf05ce7a1ed2406914665b4013a27cacc	10		
0x000000000000d9d2fbd6A808Ed2cC2F886FafC70	16777216	0x82bf455e9ebd6a541ef10b683de1edcaf05ce7a145c5ab15fc1d540076a65ffa	8		
0x000000000000dAAbCCFE10Ff956dA74Ee7DA233f	16777216	0x82bf455e9ebd6a541ef10b683de1edcaf05ce7a1e5d9d8ca0c6b74022258f893	31		
0x000000000000dbCd70ec3E4ad20b8343B4563F5F	16777216	0x82bf455e9ebd6a541ef10b683de1edcaf05ce7a13a551024d6d3b10246bb714c	30		
0x000000000000dc053eE29EF26Ea7814585F558f0	16777216	0x82bf455e9ebd6a541ef10b683de1edcaf05ce7a154d7bcf1ac3dd801916611d1	29		
0x000000000000DCC9104746272D5712637D3a2195	16777216	0x82bf455e9ebd6a541ef10b683de1edcaf05ce7a1b3705c4c579f9c023b4e5711	21		
0x000000000000dd8c7409c4B9dc649c09F3B0FcBE	16777216	0x82bf455e9ebd6a541ef10b683de1edcaf05ce7a1af9666e9a39b9e0236c066a2	12		
0x000000000000dE7853eB766D1a6d4e895FC118Fa	16777216	0x82bf455e9ebd6a541ef10b683de1edcaf05ce7a169bb80662942870071d0ff2a	21		
0x000000000000de9D6860C96C1128102F7a365257	16777216	0x82bf455e9ebd6a541ef10b683de1edcaf05ce7a159d6e0dce85ad400126677dd	15		
0x000000000000DF2f6fE70b384E9aED179E2e9878	16777216	0x82bf455e9ebd6a541ef10b683de1edcaf05ce7a11242a8b8660ba003ee4e6bbe	1		
0x000000000000Df353Ba04268431b7db05B765ea2	16777216	0x82bf455e9ebd6a541ef10b683de1edcaf05ce7a1423edaa85684f6005e689e6d	12		
0x000000000000dF55670041e983FEc003Fee3F9cd	314649014	0x82bf455e9ebd6a541ef10b683de1edcaf05ce7a15920555ee5bd00014db70668	15		
0x000000000000df74323C0392a5967521BD9eBCeA	16777216	0x82bf455e9ebd6a541ef10b683de1edcaf05ce7a1beeadf18507ca3008e1d203f	20		
0x000000000000df97f760BFb9300aB51158A0225E	16777216	0x82bf455e9ebd6a541ef10b683de1edcaf05ce7a19330179288ec78002811cdc0	27		
0x000000000000DFFd953A9E525F5BE4993D2d84f1	16777216	0x82bf455e9ebd6a541ef10b683de1edcaf05ce7a17a1c9b1eb4d5fc03279f3c56	29		
0x000000000000e05154F1ac00A950115eCa78024d	314649014	0x82bf455e9ebd6a541ef10b683de1edcaf05ce7a1c718c2fe836c1301e96876e4	26		
0x000000000000e0bB6721b22D396b917341B3172F	16777216	0x82bf455e9ebd6a541ef10b683de1edcaf05ce7a125e59e3b9ce173029c3d2e95	31		
0x000000000000e0dBf167b676c5C58B239e21A35F	16777216	0x82bf455e9ebd6a541ef10b683de1edcaf05ce7a1dfcb3de1f6130e018e8b2fe6	9		
0x000000000000e2b8Ae461F4Fa6264bdEd463C043	16777216	0x82bf455e9ebd6a541ef10b683de1edcaf05ce7a1d75fd1becde4fe039028af7e	12		
0x000000000000e309fD7626446405a8f470Ca3152	16777216	0x82bf455e9ebd6a541ef10b683de1edcaf05ce7a1854b2944b57de403df2950da	25		
0x000000000000e323813d63a5DF3Cd56bC936539b	16777216	0x82bf455e9ebd6a541ef10b683de1edcaf05ce7a112585b9c6b68c30112124692	24		
0x000000000000E3ba0C669F1443420456a7895e21	16777216	0x82bf455e9ebd6a541ef10b683de1edcaf05ce7a1b146c07c4ad3290201cf9a84	23		
0x000000000000E3D2FfE5bE832932488dc97dA1d2	16777216	0x82bf455e9ebd6a541ef10b683de1edcaf05ce7a1043a690a824cb6001ff019ae	28		
0x000000000000E414D40753b5341888041073d74A	16777216	0x82bf455e9ebd6a541ef10b683de1edcaf05ce7a11c5988ee8cfc8b0055afbf93	2		
0x000000000000E426bFd7Dcd68E1aFc34Af8B6E89	16777216	0x82bf455e9ebd6a541ef10b683de1edcaf05ce7a103d9ad76e40e580069916964	11		
0x000000000000e47E33F5F68763643953f4b4C2F2	16777216	0x82bf455e9ebd6a541ef10b683de1edcaf05ce7a183e5cf1a12e9dd0324cda752	14		
0x000000000000E49bb2627B5c59d4D063e23F6B42	16777216	0x82bf455e9ebd6a541ef10b683de1edcaf05ce7a151a21a892d317e00b4de3a32	5		
0x000000000000e4D3822b4dB2faA34Eab66F0BE53	16777216	0x82bf455e9ebd6a541ef10b683de1edcaf05ce7a10bc1fbfb00fe15000db6d086	18		
0x000000000000e578375a62066F1b577B42Ee4867	16777216	0x82bf455e9ebd6a541ef10b683de1edcaf05ce7a190488c326295dd01d23e2e92	4		
0x000000000000e6e972de120A6E29Fcb350aF60e6	16777216	0x82bf455e9ebd6a541ef10b683de1edcaf05ce7a11fccb767f122b1010d29504a	8		
0x000000000000e7592C72Ff5F76E29C34c373af4a	16777216	0x82bf455e9ebd6a541ef10b683de1edcaf05ce7a1f68d8b345be493029f8744a6	3		
0x000000000000e77B648018A2FFF087Fa99A313FC	16777216	0x82bf455e9ebd6a541ef10b683de1edcaf05ce7a14e796bb0bb72450144d75120	25		
0x000000000000e7D4df1e80D2BEC14eBF11457803	16777216	0x82bf455e9ebd6a541ef10b683de1edcaf05ce7a1ba3c61a400ed0f01c837ff3b	19		
0x000000000000E9bE8470de82C77E9B9c2F5D9F2f	16777216	0x82bf455e9ebd6a541ef10b683de1edcaf05ce7a191658caa5f22f603c29316fb	19		
0x000000000000EA064Cd2ff19ebB106215958E4F6	16777216	0x82bf455e9ebd6a541ef10b683de1edcaf05ce7a1c6b756fb9ec42203df409bf7	0		
0x000000000000ea2Cb339f63A7e2be73697832C0c	16777216	0x82bf455e9ebd6a541ef10b683de1edcaf05ce7a1588b5b56623c4e02bd36c09e	17		
0x000000000000eaAFc56e435429b4CBD641429890	16777216	0x82bf455e9ebd6a541ef10b683de1edcaf05ce7a16d8a2c37349fad0387228d97	29		
0x000000000000eb180d89A65382fcca4afb9d7C96	16777216	0x82bf455e9ebd6a541ef10b683de1edcaf05ce7a11482c40be5b88602edc2d160	24		
0x000000000000Eb40081a66f61aC9cA9a7c399570	16777216	0x82bf455e9ebd6a541ef10b683de1edcaf05ce7a113d28ae7667bbf03e1740a7b	30		
0x000000000000Ec5bB812a072382f61Dd62E3D6c6	16777216	0x82bf455e9ebd6a541ef10b683de1edcaf05ce7a1ffa5677682e77c02b5a5477b	28		
0x000000000000Ec853a5F043eD656Fa21d14B16A1	16777216	0x82bf455e9ebd6a541ef10b683de1edcaf05ce7a131ec58d9f2f05002e87c620c	27		
0x000000000000eCaA3162fC1431E9f2F133415724	16777216	0x82bf455e9ebd6a541ef10b683de1edcaf05ce7a1ebccd9eb9001920102f8448b	12		
0x000000000000eD093aF1EFB15ea6195791C9032B	16777216	0x82bf455e9ebd6a541ef10b683de1edcaf05ce7a190d19734b7ab4f03951944cc	4		
0x000000000000EDa6ADc1D7F6a1091f3661d02e58	16777216	0x82bf455e9ebd6a541ef10b683de1edcaf05ce7a114bfed80f2b0540376c669fd	19		
0x000000000000ee1AEF0621C2f9e2fAB65C829EdA	16777216	0x82bf455e9ebd6a541ef10b683de1edcaf05ce7a1d124727fdbebe902e8b2ea2c	8		
0x000000000000ee7f279D468a59a9828b470105cA	16777216	0x82bf455e9ebd6a541ef10b683de1edcaf05ce7a19da42dc113e3df02c6def745	19		
0x000000000000eFcc69868Dc476dAea62FE0Dc58D	16777216	0x82bf455e9ebd6a541ef10b683de1edcaf05ce7a12b6db569540640016c0c0726	20		
0x000000000000EFf6A4041Cca8e8D7D01EFe6e7af	16777216	0x82bf455e9ebd6a541ef10b683de1edcaf05ce7a11570fb4432e0b902b3f5f159	17		
0x000000000000F0b287c19f606bC3A471F260c502	16777216	0x82bf455e9ebd6a541ef10b683de1edcaf05ce7a1fdacbdc9c0b26403e17431f4	13		
0x000000000000F4901018445c697e1e358DAb8dAD	16777216	0x82bf455e9ebd6a541ef10b683de1edcaf05ce7a193504ab8db09dd0096f7e01b	21		
0x000000000000F4a3109180d77f4d8242863c6e8A	16777216	0x82bf455e9ebd6a541ef10b683de1edcaf05ce7a17a320301fd88da01ca485af5	13		
0x000000000000f69c150aFEa8Cc4f8fC4462AdBB4	16777216	0x82bf455e9ebd6a541ef10b683de1edcaf05ce7a13ad26f2f0934b901902d3ac8	20		
0x000000000000F7D509a1583A2947059683137BcA	16777216	0x82bf455e9ebd6a541ef10b683de1edcaf05ce7a12c176515ee1fe70191935b7d	11		
0x000000000000f893CEE070d72ec7418e6dE2c602	16777216	0x82bf455e9ebd6a541ef10b683de1edcaf05ce7a1a9d14047efd1cd024157f363	11		
0x000000000000FA4a009a0E6b5A457983d3E21d82	314649014	0x82bf455e9ebd6a541ef10b683de1edcaf05ce7a14e714c919c11d302fad76639	11		
0x000000000000FACD60Ed64a84882B752B3766B85	16777216	0x82bf455e9ebd6a541ef10b683de1edcaf05ce7a1bcd03559bb8ac303badbd3de	28		
0x000000000000fb2D57fc55f94a69cFfD01d13268	16777216	0x82bf455e9ebd6a541ef10b683de1edcaf05ce7a1dbaed5d669542c00be880218	15		
0x000000000000FB874a9959A7C7b1B58c7F58452b	16777216	0x82bf455e9ebd6a541ef10b683de1edcaf05ce7a12e5c20330f8c0d03cb080d12	23		
0x000000000000FbEd71Cf013770F078B1cD241431	16777216	0x82bf455e9ebd6a541ef10b683de1edcaf05ce7a1bd68c041d8203d00ee60c218	21		
0x000000000000fc0dD891863b898Fb2b9E6C6A98F	16777216	0x82bf455e9ebd6a541ef10b683de1edcaf05ce7a19e4e881ed2710900be62e590	12		
0x000000000000fC18A6C1139f25F62d964bF1d089	16777216	0x82bf455e9ebd6a541ef10b683de1edcaf05ce7a14fcdb617e5ad26002586d6f8	2		
0x000000000000FCff5346774366a0F503a40799a3	16777216	0x82bf455e9ebd6a541ef10b683de1edcaf05ce7a16ff80e2bb2627f00e03d4b1c	11		
0x000000000000fD0F530F0B6cB14b3d1b00A81b5B	314649014	0x82bf455e9ebd6a541ef10b683de1edcaf05ce7a1ebaf03ae10b74f014fe3ffcc	4		
0x000000000000fDaD65E6239e8858FDBf11775D57	16777216	0x82bf455e9ebd6a541ef10b683de1edcaf05ce7a1faa71eef303349005d9c1a7c	17		
0x000000000000FE8c0555184e44600c8B98a95222	16777216	0x82bf455e9ebd6a541ef10b683de1edcaf05ce7a1b2a6e56c68baea003bffd594	13		
0x000000000000ff1F72EB9b4a215DDac4d9dDa3dA	16777216	0x82bf455e9ebd6a541ef10b683de1edcaf05ce7a181369280dea35202c6275b2f	11		
0x000000000000Ff944ed41CbFa03edc0b477cBbf4	16777216	0x82bf455e9ebd6a541ef10b683de1edcaf05ce7a1d950b166d1357200c21530d8	26		
0x000000000000FfADa7c641E2aD6B13b51b50Cc94	16777216	0x82bf455e9ebd6a541ef10b683de1edcaf05ce7a1f03a05a8b523a602989260cb	31		
0x000000000000ffE5eFdB5AE76b9200263C58b4c0	314649014	0x82bf455e9ebd6a541ef10b683de1edcaf05ce7a15c19650e26fc010329d99434	1		
